Comando,CG1,CG2,CG3,CV1,CV2,CV3
3,0.9462902589141713,0.048803512881274984,0.004906228204553775,0,1,0
1,0.07144810953618497,0.7694464702468867,0.1591054202169283,1,0,0
1,6.412839352227806e-05,0.9945432782901921,0.00539259331628561,1,0,0
0,0.8727537506409839,0.07000779822775392,0.057238451131262136,1,0,0
4,0.020984623071549847,0.9082981684533991,0.07071720847505114,0,1,0
1,0.02707890471705592,0.9170432092951983,0.05587788598774579,1,0,0
6,0.7123087861971498,0.04724266651807794,0.24044854728477227,0,0,1
0,0.8344099670910518,0.15649241773669942,0.00909761517224883,1,0,0
5,0.08356277443400864,0.0030728690871834052,0.913364356478808,0,1,0
6,0.7159431863377625,0.2807323131010653,0.0033245005611721723,0,0,1
6,0.9276250132560837,0.008863668434036853,0.06351131830987944,0,0,1
8,0.1752823204043241,0.0452298702101175,0.7794878093855584,0,0,1
6,0.7138959308918218,0.040973774742022906,0.2451302943661553,0,0,1
4,0.015168866649913593,0.7201308316616463,0.26470030168844016,0,1,0
0,0.727223419168872,0.23894694124467036,0.03382963958645768,1,0,0
7,0.15840134240541853,0.8350181529315621,0.006580504663019404,0,0,1
3,0.6284108103643078,0.24198594396362877,0.1296032456720635,0,1,0
1,0.29744010132699944,0.6504207912193499,0.05213910745365058,1,0,0
7,0.0002767841882183042,0.9904015737932301,0.009321642018551568,0,0,1
1,0.16159982398706482,0.6347329938365769,0.20366718217635826,1,0,0
8,0.06304425553450757,0.03403757510943104,0.9029181693560614,0,0,1
2,0.19724296922597995,0.04146576385153137,0.7612912669224887,1,0,0
5,0.12697113096758242,0.02767303925234961,0.845355829780068,0,1,0
2,0.1686446851764788,0.007990316634312478,0.8233649981892087,1,0,0
7,0.03461967986101677,0.7893584367072393,0.17602188343174396,0,0,1
6,0.7106239131190385,0.2810244426777344,0.008351644203227093,0,0,1
5,0.0864611506670203,0.0604070026366945,0.8531318466962852,0,1,0
1,0.09724113338752294,0.7965339285487831,0.10622493806369393,1,0,0
3,0.6933912577674343,0.18145755502512026,0.12515118720744545,0,1,0
4,0.3159944288422245,0.6782761057688378,0.0057294653889377045,0,1,0
4,0.08877769437187921,0.6730238434237946,0.23819846220432617,0,1,0
4,0.022601046354399523,0.6703767131801959,0.3070222404654046,0,1,0
6,0.9983932563989357,0.000855031623210234,0.0007517119778540637,0,0,1
3,0.7536929324291171,0.041583306338473805,0.2047237612324091,0,1,0
1,0.12097765321541241,0.8671935257414309,0.011828821043156634,1,0,0
6,0.7641696042134035,0.18887820719120546,0.046952188595390965,0,0,1
7,0.02264456545164939,0.86998773304833,0.10736770150002062,0,0,1
1,0.012183564649599,0.734969952832599,0.25284648251780195,1,0,0
1,0.007854072418638714,0.9858851264419946,0.006260801139366778,1,0,0
1,0.05069568586204816,0.6036375838390214,0.34566673029893036,1,0,0
6,0.661091290087196,0.06043186963235661,0.2784768402804474,0,0,1
3,0.6917185053471526,0.2714939482276572,0.03678754642519011,0,1,0
8,0.010757058287430966,0.03481839874323352,0.9544245429693355,0,0,1
6,0.9182980463318412,0.01048241368643197,0.07121953998172681,0,0,1
2,0.0006710051858416,0.06641705795577645,0.9329119368583819,1,0,0
3,0.7537021204018178,0.014720777203111225,0.2315771023950709,0,1,0
4,0.01950280095718018,0.9715508872362184,0.008946311806601437,0,1,0
6,0.8998587646346439,0.06455149554168611,0.035589739823669975,0,0,1
0,0.6504418461123813,0.2624119799294821,0.08714617395813651,1,0,0
5,0.04418037563432007,0.05224233404228811,0.9035772903233918,0,1,0
6,0.6898532429542928,0.1616683139083569,0.14847844313735026,0,0,1
8,0.14440754644228782,0.05376864043682525,0.8018238131208869,0,0,1
2,0.11400882669477466,0.0827493144166379,0.8032418588885875,1,0,0
0,0.7695599967250958,0.0035991792564155746,0.2268408240184886,1,0,0
6,0.7379908438879812,0.25883985586619845,0.0031693002458204056,0,0,1
8,0.17428308313262958,0.024944274403687183,0.8007726424636832,0,0,1
8,0.17124851736347302,0.02248810295696915,0.8062633796795579,0,0,1
7,0.022290860851752248,0.9384674983313955,0.03924164081685222,0,0,1
2,0.16104004519631232,0.061505916802715756,0.7774540380009719,1,0,0
6,0.9661781355538246,0.009282148721086837,0.024539715725088618,0,0,1
5,0.17609308953545064,0.005744874009409196,0.8181620364551402,0,1,0
4,0.06859634650643005,0.8526617295299292,0.07874192396364066,0,1,0
4,0.0407698486003381,0.953785883076044,0.005444268323617996,0,1,0
0,0.8805980759396688,0.05856971967270988,0.06083220438762138,1,0,0
2,0.08539587604749538,0.09077484760484655,0.823829276347658,1,0,0
8,0.09696000064585338,0.003028549118744228,0.9000114502354024,0,0,1
1,0.3322960143482226,0.6129979473300845,0.05470603832169285,1,0,0
7,0.0008889231363217843,0.8823944851919967,0.11671659167168147,0,0,1
8,0.11351905743019325,0.07341009510239088,0.8130708474674159,0,0,1
4,0.00026652283986465796,0.9991864301547317,0.0005470470054036447,0,1,0
0,0.7459521648670808,0.10046441600705554,0.1535834191258636,1,0,0
7,0.010991231725353857,0.9405796343724431,0.04842913390220305,0,0,1
1,0.301905468582662,0.6157332484220397,0.08236128299529832,1,0,0
2,0.13132607305774335,0.0263336246968234,0.8423403022454332,1,0,0
5,0.15455306459849993,0.0228567182170092,0.8225902171844909,0,1,0
0,0.9750847601285094,0.01633038383240213,0.008584856039088429,1,0,0
6,0.6932969537469135,0.18842663975478377,0.11827640649830273,0,0,1
6,0.6839553782793844,0.16279627204205294,0.1532483496785627,0,0,1
0,0.6222881369522776,0.20723909726928863,0.17047276577843373,1,0,0
8,0.010341954311760172,0.07887069362773047,0.9107873520605093,0,0,1
4,0.02689593606752454,0.7858218379879672,0.18728222594450827,0,1,0
2,0.08393540297641705,0.018937601546583763,0.8971269954769991,1,0,0
2,0.1160343490912281,0.07855761152364742,0.8054080393851245,1,0,0
7,0.048475560183124426,0.7398112098617067,0.21171322995516895,0,0,1
2,0.12105780710937786,0.09135439315634254,0.7875877997342796,1,0,0
1,0.03757334498666434,0.9492144201823326,0.013212234831003089,1,0,0
2,0.01664952911694704,0.00729083170607604,0.9760596391769769,1,0,0
2,0.12370373250445799,0.09147031733257645,0.7848259501629655,1,0,0
6,0.6735985160480128,0.1318001932735926,0.1946012906783946,0,0,1
0,0.6929013328720113,0.18157165444119772,0.125527012686791,1,0,0
6,0.8872341218342548,0.005745199482322727,0.10702067868342247,0,0,1
6,0.8740328877712937,0.09095502131521434,0.03501209091349189,0,0,1
5,0.006030454700741594,0.09624529395599479,0.8977242513432636,0,1,0
2,0.06730245955889817,0.030399888836093715,0.9022976516050081,1,0,0
3,0.9768873371468446,0.0061346823784205196,0.016977980474734866,0,1,0
7,0.09219321179415454,0.6357886368096398,0.27201815139620567,0,0,1
5,0.09013014414899462,0.09127480301408337,0.818595052836922,0,1,0
6,0.9647938313823546,0.011236804002620194,0.02396936461502519,0,0,1
4,0.3310768293906987,0.6520736146249119,0.01684955598438942,0,1,0
1,0.08839829790410213,0.7511661651512833,0.16043553694461454,1,0,0
8,0.06346334685241142,0.05773134172778548,0.8788053114198031,0,0,1
7,0.0030213128784501997,0.6816762220089693,0.31530246511258053,0,0,1
4,0.2662685793194482,0.6544917486932522,0.07923967198729964,0,1,0
5,0.08921057902520789,0.07948821597622668,0.8313012049985654,0,1,0
0,0.7103543684465138,0.13433603471447864,0.15530959683900758,1,0,0
5,0.14351005654611942,0.07362251012151626,0.7828674333323643,0,1,0
1,0.03496120624053067,0.9505809529026354,0.014457840856833881,1,0,0
7,0.1740680629271102,0.6484295497428515,0.1775023873300383,0,0,1
4,0.007823678293749126,0.9754345413391121,0.016741780367138803,0,1,0
0,0.7727088408458426,0.17380117360640318,0.05348998554775419,1,0,0
7,0.07792011763511503,0.8827895258236305,0.03929035654125457,0,0,1
0,0.8553645562936201,0.0800255010861061,0.06460994262027386,1,0,0
1,0.0028027954954044088,0.8387563360944676,0.15844086841012794,1,0,0
0,0.6234264989529638,0.3328219744238097,0.043751526623226566,1,0,0
1,0.15250770142116227,0.7517248512447774,0.0957674473340604,1,0,0
6,0.6580308888022506,0.05258053815210322,0.28938857304564625,0,0,1
7,0.18321567454551438,0.7798312627413025,0.036953062713183105,0,0,1
6,0.9680813920534224,0.016186059919036832,0.01573254802754076,0,0,1
3,0.6828533680594173,0.11654538098163957,0.2006012509589431,0,1,0
7,0.02860699191431291,0.7090642816435904,0.2623287264420967,0,0,1
1,0.23344118396330776,0.7246854297722763,0.041873386264415835,1,0,0
4,0.02661164670895442,0.9508249278736091,0.0225634254174365,0,1,0
3,0.8749375130525525,0.044360500585231534,0.08070198636221593,0,1,0
3,0.7026053130076249,0.08728704833471493,0.21010763865766025,0,1,0
4,0.05433043556118525,0.8840227605031232,0.06164680393569155,0,1,0
3,0.6640507021243162,0.10151961340564189,0.23442968447004198,0,1,0
6,0.8442666085893267,0.11737752342525441,0.0383558679854189,0,0,1
6,0.967692558255212,0.009232683969833122,0.023074757774954824,0,0,1
2,0.024198194907138572,0.06181536094366963,0.9139864441491918,1,0,0
6,0.7786514077386553,0.009189647716494154,0.21215894454485063,0,0,1
4,0.02519289840645178,0.9344814637882926,0.040325637805255665,0,1,0
4,0.39202415984123007,0.6058979026860216,0.0020779374727483146,0,1,0
6,0.8115577023552635,0.03751004504543492,0.15093225259930165,0,0,1
8,0.1512774584079093,0.00525809351370049,0.8434644480783902,0,0,1
2,0.09575776639807923,0.007206575956285266,0.8970356576456355,1,0,0
2,0.046057078905846566,0.07436218747486378,0.8795807336192897,1,0,0
2,0.09107578191538786,0.049487539761987435,0.8594366783226247,1,0,0
1,0.04574607945449963,0.6178590627104404,0.33639485783505996,1,0,0
7,0.06260497657293858,0.928748668909786,0.008646354517275356,0,0,1
3,0.7498148125998199,0.005952210294138949,0.2442329771060412,0,1,0
4,0.01137277754925532,0.8188405854862393,0.16978663696450536,0,1,0
8,0.07569115611364846,0.015914540270371712,0.9083943036159798,0,0,1
8,0.08242184222050249,0.04998549421124454,0.8675926635682529,0,0,1
5,0.18735969782245218,0.01068013430069046,0.8019601678768573,0,1,0
4,0.009320834262117161,0.8661361571242348,0.12454300861364809,0,1,0
2,0.1346769408001206,0.03481908973709358,0.8305039694627858,1,0,0
8,0.17671399341887983,0.054761880497369686,0.7685241260837505,0,0,1
6,0.7841625287345836,0.027420189238886783,0.18841728202652963,0,0,1
4,0.042403279733545324,0.8701203133279649,0.08747640693848979,0,1,0
3,0.6435095862122396,0.2978102735064666,0.05868014028129376,0,1,0
4,0.017171188280874893,0.976957795213575,0.0058710165055501085,0,1,0
7,0.0015428674493275897,0.9524458127998667,0.046011319750805635,0,0,1
2,0.1057193414040014,0.04279742716514784,0.8514832314308507,1,0,0
8,0.08384442335343496,0.047313432380861636,0.8688421442657034,0,0,1
2,0.16181268027209716,0.031270268579076776,0.8069170511488261,1,0,0
2,0.17995527324684324,0.008325807776899275,0.8117189189762575,1,0,0
5,0.016945070699349873,0.07663223752974481,0.9064226917709053,0,1,0
0,0.9859824561696877,0.009501783994312209,0.004515759836000055,1,0,0
2,0.1737053234673797,0.04313887707151477,0.7831557994611056,1,0,0
4,0.20604884767028306,0.7344093692005207,0.059541783129196224,0,1,0
4,0.09938243452773717,0.6254091971273094,0.27520836834495344,0,1,0
7,0.007442263460854682,0.8051769067425221,0.1873808297966233,0,0,1
1,0.10273433569561674,0.6504664599725795,0.2467992043318038,1,0,0
4,0.27820623090584723,0.6314690411645117,0.09032472792964108,0,1,0
4,0.30625551724097866,0.6603105374243065,0.03343394533471489,0,1,0
2,0.13422514006668188,0.013776964906563183,0.8519978950267549,1,0,0
1,0.036360893037569356,0.7494952737900107,0.21414383317241992,1,0,0
4,0.035947177970122056,0.8037063671093425,0.16034645492053545,0,1,0
7,0.1131113006532913,0.6111143550644882,0.2757743442822205,0,0,1
2,0.10451694917256305,0.0419858638714706,0.8534971869559663,1,0,0
2,0.1912019064611676,0.05267554343982465,0.7561225500990078,1,0,0
5,0.1416101454077269,0.03312675196823766,0.8252631026240355,0,1,0
6,0.7406725270520698,0.2265944798046251,0.032732993143305134,0,0,1
2,0.015581866323353255,0.021216309271125323,0.9632018244055214,1,0,0
6,0.6618504017431205,0.07204409530606003,0.2661055029508195,0,0,1
8,0.1096247151825903,0.0006195759588131788,0.8897557088585966,0,0,1
0,0.8194638123325495,0.11985815216665437,0.06067803550079609,1,0,0
2,0.15111632152265211,0.0726385411202498,0.7762451373570981,1,0,0
5,0.13168558505642633,0.05511294322213946,0.8132014717214342,0,1,0
6,0.7730927152969752,0.04555095041050743,0.1813563342925174,0,0,1
0,0.8396369182382175,0.029426981547759603,0.1309361002140229,1,0,0
0,0.7672532745494048,0.11664620188735256,0.11610052356324263,1,0,0
8,0.18117523482023726,0.055335735633135034,0.7634890295466277,0,0,1
0,0.6965509219605354,0.08699015957591323,0.21645891846355136,1,0,0
7,0.06037373036068697,0.9376263387489028,0.001999930890410284,0,0,1
2,0.053281962808699436,0.001997537418962614,0.944720499772338,1,0,0
5,0.13282950929404222,0.0007709152714529544,0.8663995754345049,0,1,0
8,0.18012423624416268,0.013989275062645391,0.8058864886931919,0,0,1
1,0.14207383248576377,0.6020989207923386,0.2558272467218976,1,0,0
8,0.0466207206983206,0.02169956045978884,0.9316797188418906,0,0,1
6,0.8077774366327355,0.04569208954642115,0.1465304738208434,0,0,1
5,0.16398367235170613,0.07215947474741125,0.7638568529008827,0,1,0
4,0.014853161986520114,0.9794746344056792,0.005672203607800741,0,1,0
4,0.027656292788855064,0.8515267809546814,0.12081692625646356,0,1,0
1,0.07707840793604476,0.9221598986979141,0.0007616933660410385,1,0,0
3,0.9913467624770167,0.0003318096276885285,0.008321427895294775,0,1,0
7,0.018308041985425794,0.9812636448400416,0.0004283131745326241,0,0,1
6,0.6294688699790789,0.29793592578716654,0.07259520423375454,0,0,1
0,0.6790461938598836,0.156641573610702,0.1643122325294144,1,0,0
5,0.155923230268536,0.08100848607740319,0.7630682836540608,0,1,0
1,0.06486716311253674,0.6724098761878265,0.26272296069963674,1,0,0
2,0.016882676040146972,0.09487330906707096,0.888244014892782,1,0,0
0,0.789584398437976,0.0757249616173657,0.13469063994465835,1,0,0
8,0.16673803219754116,0.029317476411880785,0.803944491390578,0,0,1
2,0.18476148931658576,0.04865131504803258,0.7665871956353817,1,0,0
0,0.7995368646123985,0.06707687469128491,0.13338626069631665,1,0,0
7,0.16592219340743283,0.6087732020030271,0.22530460458954005,0,0,1
8,0.02755451652415164,0.09366820040787008,0.8787772830679783,0,0,1
1,0.11274822993562293,0.7322039886021333,0.15504778146224374,1,0,0
4,0.003731827126729126,0.7597443896478735,0.23652378322539735,0,1,0
0,0.8714575238814422,0.08716354705492005,0.041378929063637826,1,0,0
2,0.04486397294318245,0.06343919309809101,0.8916968339587266,1,0,0
7,0.19569907027427444,0.7892560259861621,0.015044903739563464,0,0,1
3,0.7150036843490041,0.23812845077784425,0.04686786487315164,0,1,0
5,0.00666394460512838,0.06842430363879069,0.924911751756081,0,1,0
8,0.06516611916265917,0.0759127258161981,0.8589211550211427,0,0,1
5,0.048560851825000986,0.03653682295120763,0.9149023252237913,0,1,0
8,0.025836307354984347,0.053828290219241307,0.9203354024257744,0,0,1
7,0.058823511769196736,0.6953154100780824,0.24586107815272085,0,0,1
4,0.14698026149317653,0.7085048512415346,0.14451488726528883,0,1,0
1,0.13524509444572402,0.6778174255980953,0.1869374799561807,1,0,0
1,0.09795592956817992,0.6957062017956004,0.20633786863621972,1,0,0
8,0.014263099581447492,0.07550128931749618,0.9102356111010563,0,0,1
2,0.1365502900213968,0.015293918573479682,0.8481557914051235,1,0,0
5,0.03556035846819052,0.0693285752115798,0.8951110663202297,0,1,0
7,0.05690122959665711,0.8599066293268192,0.08319214107652373,0,0,1
7,0.0917978346579146,0.7500466687191232,0.15815549662296224,0,0,1
2,0.1406480102785357,0.05726324829273763,0.8020887414287267,1,0,0
5,0.09860598766618889,0.0258391852282032,0.875554827105608,0,1,0
1,0.04557090833463904,0.6763195935309789,0.278109498134382,1,0,0
6,0.7423912292241759,0.0066872938474179305,0.25092147692840616,0,0,1
6,0.961253293747528,0.016954533932233052,0.021792172320239,0,0,1
6,0.8196487399003232,0.16247143395640518,0.01787982614327166,0,0,1
4,0.2965427034981492,0.6642508290965595,0.03920646740529121,0,1,0
6,0.7998536858681762,0.003941800921309735,0.19620451321051413,0,0,1
1,0.07794013237090446,0.8221931120424177,0.09986675558667779,1,0,0
3,0.7215609409482832,0.264170588609976,0.014268470441740844,0,1,0
4,0.15748990771399654,0.7445709639876372,0.09793912829836626,0,1,0
5,0.092976618004913,0.0404185125764722,0.8666048694186148,0,1,0
3,0.8644610480633832,0.08065898149161735,0.05487997044499948,0,1,0
0,0.8512637196530086,0.12730338018764314,0.02143290015934829,1,0,0
2,0.11245466918517938,0.04871965395741987,0.8388256768574007,1,0,0
8,0.11749746106864073,0.007075582214717624,0.8754269567166416,0,0,1
7,0.11154372040387034,0.8313972752232665,0.057059004372863154,0,0,1
7,0.0031603592494846124,0.9773238918773308,0.019515748873184524,0,0,1
6,0.7365060016284307,0.08438725579557915,0.17910674257599013,0,0,1
4,0.04504096672629463,0.8118250907952899,0.1431339424784155,0,1,0
0,0.7089454470647739,0.10650333872966727,0.18455121420555876,1,0,0
6,0.7043186385729981,0.2766523972902349,0.019028964136766913,0,0,1
5,0.08401100154448432,0.011816754110058482,0.9041722443454572,0,1,0
3,0.9386042084091928,0.028936024391029137,0.032459767199778056,0,1,0
3,0.8803332148053613,0.10419298020800692,0.015473804986631756,0,1,0
1,0.015607313244512033,0.7557696870793291,0.22862299967615884,1,0,0
0,0.7699764567638272,0.08362496888817664,0.1463985743479962,1,0,0
4,0.23958221024500476,0.7016220792801856,0.05879571047480958,0,1,0
2,0.09116027114283075,0.06020802647094753,0.8486317023862218,1,0,0
8,0.08709441450306765,0.0751939563136307,0.8377116291833017,0,0,1
6,0.6721526981778688,0.25785522101188213,0.06999208081024899,0,0,1
4,0.020224517107995377,0.969308074249285,0.010467408642719667,0,1,0
3,0.8492226308285176,0.02348720752329894,0.12729016164818352,0,1,0
0,0.6413731915224739,0.2789208972632298,0.07970591121429638,1,0,0
1,0.09990765327742723,0.8624617398220504,0.037630606900522334,1,0,0
7,0.006825962046794443,0.8862375118169775,0.10693652613622806,0,0,1
5,0.08258400306629182,0.06615913899017246,0.8512568579435358,0,1,0
2,0.05079516090821861,0.09593176101598745,0.853273078075794,1,0,0
8,0.1928483585722761,0.047737027664882276,0.7594146137628416,0,0,1
6,0.93128358681964,0.04737009046738874,0.021346322712971322,0,0,1
6,0.8437796629514793,0.14258536445100406,0.01363497259751667,0,0,1
3,0.7302527439485784,0.08606359773150563,0.18368365831991595,0,1,0
7,0.014618441664693727,0.9782920978378189,0.0070894604974873765,0,0,1
0,0.7116948189088124,0.1409765249164868,0.1473286561747008,1,0,0
5,0.0363846424453254,0.07280296960667605,0.8908123879479986,0,1,0
3,0.9975855502473234,0.0018369712800660133,0.0005774784726105819,0,1,0
8,0.07757196104834377,0.002274986900844378,0.9201530520508119,0,0,1
6,0.92131965173754,0.014079070862351096,0.0646012774001089,0,0,1
4,0.2859901398588088,0.6534681957938323,0.06054166434735886,0,1,0
7,0.11873674418327265,0.6922112030267185,0.18905205279000892,0,0,1
4,0.018574817253325947,0.9130608508739515,0.0683643318727225,0,1,0
7,0.02709800147757324,0.9077417537764831,0.06516024474594362,0,0,1
6,0.9085109586042451,0.02536810937028,0.06612093202547487,0,0,1
7,0.10086687893355806,0.6130581699271851,0.28607495113925685,0,0,1
8,0.15158671686577158,7.141973939268631e-05,0.8483418633948357,0,0,1
1,0.021987324841213997,0.9759293393308641,0.0020833358279218617,1,0,0
3,0.7095460454237916,0.21291842041801967,0.0775355341581887,0,1,0
5,0.03425299133790769,0.08425110717656754,0.8814959014855248,0,1,0
8,0.027376149020052587,0.00625228546847123,0.9663715655114762,0,0,1
7,0.2944852450677519,0.629313091256593,0.07620166367565506,0,0,1
6,0.9482871976099458,0.038697903134307904,0.013014899255746282,0,0,1
5,0.14084201255539106,0.01597731535353598,0.843180672091073,0,1,0
7,0.1271191250039436,0.6162238890538879,0.25665698594216846,0,0,1
3,0.8720895163383295,0.016384917415419142,0.11152556624625132,0,1,0
6,0.8419558263612478,0.07723055880141079,0.0808136148373414,0,0,1
6,0.8186045004570622,0.13519661807141842,0.04619888147151929,0,0,1
2,0.19178657885432662,0.00036797820724432384,0.8078454429384291,1,0,0
6,0.7193208541040147,0.003440130575213507,0.2772390153207718,0,0,1
3,0.6869468499535002,0.28791263323433197,0.02514051681216789,0,1,0
7,0.082651376763745,0.7300522885571035,0.18729633467915152,0,0,1
7,0.18812156996193458,0.6523776743292916,0.15950075570877376,0,0,1
6,0.8443632634097364,0.11274551360295111,0.042891222987312405,0,0,1
3,0.9755656487597427,0.01753576953651348,0.0068985817037438,0,1,0
6,0.7302498877119552,0.0649195039806311,0.20483060830741373,0,0,1
4,0.13780373843349297,0.8037540281096219,0.05844223345688504,0,1,0
5,0.12281357527034997,0.09819296675309587,0.7789934579765542,0,1,0
2,0.061932340549234625,0.04873899669783591,0.8893286627529294,1,0,0
5,0.1331275980654237,0.09372764777283442,0.7731447541617419,0,1,0
3,0.9708320070422802,0.028767082050274163,0.0004009109074456507,0,1,0
3,0.8863563775926948,0.03425375347625925,0.07938986893104594,0,1,0
0,0.8483391573904739,0.03762587906037469,0.11403496354915132,1,0,0
0,0.6989592563899492,0.20711626344527878,0.09392448016477206,1,0,0
8,0.13414505068853383,0.05192866999789986,0.8139262793135663,0,0,1
4,0.12772319219219366,0.6499155448537682,0.22236126295403813,0,1,0
1,0.05722863862199219,0.8673998966338707,0.07537146474413703,1,0,0
5,0.18520064562119007,0.006503365314249288,0.8082959890645607,0,1,0
0,0.6548052079793044,0.05450080407514282,0.2906939879455528,1,0,0
0,0.8861735989818924,0.06642540971892306,0.047400991299184514,1,0,0
8,0.17621489121485778,0.018748834314637787,0.8050362744705044,0,0,1
3,0.6201386214921583,0.19076053550795852,0.18910084299988328,0,1,0
3,0.7744496143330981,0.02333288865279508,0.20221749701410685,0,1,0
5,0.05808106768795632,0.03751528220755673,0.904403650104487,0,1,0
1,0.10046278448697837,0.750344153845119,0.1491930616679027,1,0,0
1,0.056586904950992216,0.9151362722492574,0.028276822799750412,1,0,0
1,0.3218360909927642,0.6751808081625792,0.002983100844656583,1,0,0
5,0.023825273276763162,0.06002726183174335,0.9161474648914935,0,1,0
1,0.1422110914762217,0.7611408172819787,0.09664809124179963,1,0,0
8,0.059788886712986614,0.03266722228636998,0.9075438910006434,0,0,1
1,0.020402389994449124,0.8656070405534364,0.1139905694521145,1,0,0
3,0.8967681401689762,0.00234994645479758,0.1008819133762262,0,1,0
1,0.050798175788048155,0.857920197174102,0.09128162703784992,1,0,0
4,0.24643314729879245,0.6021972166885291,0.1513696360126784,0,1,0
1,0.16957011988820986,0.7939470670880312,0.03648281302375889,1,0,0
0,0.7812366664622266,0.11880499567770345,0.09995833786007002,1,0,0
7,0.03212463595826205,0.8781585746850344,0.08971678935670346,0,0,1
6,0.6215452838673635,0.32332623758856566,0.05512847854407088,0,0,1
3,0.6225500410430586,0.3769735161434417,0.0004764428134997889,0,1,0
3,0.6084557339919746,0.21114083986941884,0.1804034261386065,0,1,0
8,0.08372712607013173,0.05677902055788986,0.8594938533719785,0,0,1
8,0.12553323187841933,0.04750717547929301,0.8269595926422877,0,0,1
0,0.8558919012556241,0.0878481635221823,0.056259935222193636,1,0,0
2,0.17614873375431017,0.07142742527355977,0.75242384097213,1,0,0
0,0.9744625650684086,0.013998817518057028,0.011538617413534458,1,0,0
0,0.9134661255045606,0.059368489817703644,0.02716538467773577,1,0,0
7,0.122369282636061,0.8747521844809603,0.0028785328829787904,0,0,1
5,0.13815295619320106,0.06757603115589615,0.7942710126509027,0,1,0
4,0.1315001281187463,0.6394688242419289,0.2290310476393248,0,1,0
0,0.6391697767364138,0.26202271195810906,0.09880751130547716,1,0,0
0,0.7969578712053331,0.14918976696443828,0.05385236183022857,1,0,0
3,0.7265347594051664,0.20246178948649743,0.07100345110833617,0,1,0
1,0.008250335533655484,0.8918125216472454,0.09993714281909905,1,0,0
7,0.09759887885667307,0.8903782859647813,0.012022835178545632,0,0,1
7,0.12069527319846829,0.8697091687718552,0.009595558029676488,0,0,1
1,0.012172111542171926,0.9385017888598587,0.04932609959796941,1,0,0
5,0.01221457133675643,0.0607306915285864,0.9270547371346571,0,1,0
6,0.8602260868156542,0.13243091557442352,0.007342997609922297,0,0,1
3,0.9079204113997525,0.06499645604552887,0.027083132554718614,0,1,0
7,0.07318422937552663,0.8983315909762803,0.028484179648193053,0,0,1
3,0.8760921872078775,0.007481441323949101,0.11642637146817336,0,1,0
0,0.9991964311134213,0.0005361336400523609,0.00026743524652639294,1,0,0
1,0.037615668525105894,0.9472916370268603,0.01509269444803385,1,0,0
8,0.023635061414335315,0.004750327310446334,0.9716146112752183,0,0,1
3,0.6782414302956996,0.15191062941094208,0.16984794029335837,0,1,0
7,0.21434835865444832,0.7712261653099346,0.014425476035617057,0,0,1
3,0.6251347032888608,0.26112481947516675,0.11374047723597247,0,1,0
1,0.18320955507519923,0.6595470896535235,0.1572433552712773,1,0,0
5,0.1489239151817103,0.0064567878693394315,0.8446192969489503,0,1,0
1,0.0027244874550144352,0.9915789689376533,0.005696543607332294,1,0,0
8,0.08252150374192141,0.0905892040262356,0.8268892922318429,0,0,1
6,0.9779175850857087,0.010152971533521528,0.011929443380769733,0,0,1
7,0.12547423548405767,0.627944299217976,0.24658146529796632,0,0,1
1,0.0006239910108597702,0.7157987095556877,0.28357729943345256,1,0,0
0,0.6234979637648739,0.24367735042830826,0.13282468580681783,1,0,0
2,0.006520023412748666,0.00022968901265045806,0.9932502875746009,1,0,0
7,0.05402265063950993,0.6147857151778263,0.33119163418266373,0,0,1
0,0.9670331458733542,0.03118492869279468,0.0017819254338511392,1,0,0
8,0.12771021142693453,0.024973851525919466,0.847315937047146,0,0,1
0,0.6642077126250386,0.19118643630839716,0.1446058510665642,1,0,0
6,0.9965928127032306,0.003195290524876038,0.00021189677189337175,0,0,1
5,0.027822664378805897,0.08399526925684656,0.8881820663643476,0,1,0
7,0.1860260240327405,0.7914408966042378,0.022533079363021735,0,0,1
4,0.29931092296099604,0.6265084905938431,0.0741805864451609,0,1,0
3,0.943060762005686,0.04669616760544737,0.010243070388866626,0,1,0
6,0.8967723597531163,0.08013399175621015,0.023093648490673524,0,0,1
8,0.020182618497066665,0.01535682684949663,0.9644605546534367,0,0,1
2,0.03440610267590612,0.0018342780156898608,0.963759619308404,1,0,0
0,0.6742067603251317,0.16560917252578233,0.16018406714908595,1,0,0
2,0.12811975874689893,0.04154157564468119,0.8303386656084198,1,0,0
1,0.184411656701853,0.7739865129493412,0.041601830348805824,1,0,0
2,0.1347705909131555,0.013767429616299887,0.8514619794705446,1,0,0
0,0.8100948418606585,0.053647114718629624,0.1362580434207119,1,0,0
2,0.14691642871857,0.005688724802932377,0.8473948464784976,1,0,0
4,0.04080739432527017,0.9549181450767668,0.004274460597963103,0,1,0
1,0.16681018899702693,0.788740946519684,0.04444886448328911,1,0,0
8,0.08585207874886336,0.08584184075402772,0.828306080497109,0,0,1
3,0.9629234404360454,0.003783233887744464,0.03329332567621013,0,1,0
2,0.07614712231313787,0.08689343432139314,0.836959443365469,1,0,0
2,0.05981712050752117,0.006147595511211967,0.9340352839812669,1,0,0
8,0.1743509225124198,0.020110271032012097,0.8055388064555681,0,0,1
0,0.8031600719420593,0.09184942700043215,0.10499050105750851,1,0,0
7,0.039300374232449586,0.8601101198444874,0.10058950592306304,0,0,1
3,0.6302817772725603,0.35807037739780595,0.01164784532963381,0,1,0
7,0.3334848142898416,0.6599927712194219,0.006522414490736539,0,0,1
8,0.1750164707233548,0.015472783593876827,0.8095107456827684,0,0,1
5,0.0995427279772737,0.09262644750123605,0.8078308245214902,0,1,0
0,0.9695776216611518,0.002979378512685349,0.02744299982616283,1,0,0
7,0.05967617966494965,0.9020991429049722,0.03822467743007818,0,0,1
3,0.9641359040294525,0.007935695572336776,0.027928400398210762,0,1,0
2,0.058868736386456934,0.0437167454796864,0.8974145181338566,1,0,0
0,0.9707370853251304,0.001340172364340875,0.027922742310528714,1,0,0
0,0.7291779106537984,0.005198113221424539,0.26562397612477706,1,0,0
1,0.0806101377570323,0.8343864097483313,0.08500345249463637,1,0,0
4,0.3000677673764145,0.639339267107453,0.06059296551613247,0,1,0
7,0.018186341382316007,0.80605438284432,0.17575927577336403,0,0,1
5,0.11972438449589051,0.017037139541505476,0.863238475962604,0,1,0
8,0.10066674342153988,0.05192384191738021,0.8474094146610799,0,0,1
8,0.0462557381428232,0.028360741293890657,0.9253835205632861,0,0,1
2,0.09027294461281424,0.009958410563164278,0.8997686448240215,1,0,0
5,0.17749441213981076,0.06393760533540276,0.7585679825247864,0,1,0
7,0.053664426491546235,0.9325250967213798,0.013810476787073922,0,0,1
4,0.07748527147750123,0.6219305747623977,0.30058415376010106,0,1,0
2,0.04505915783979966,0.0034942279235966045,0.9514466142366037,1,0,0
2,0.12741151340943596,0.04226522036863233,0.8303232662219318,1,0,0
1,0.16009618715053833,0.7917817652469564,0.04812204760250527,1,0,0
4,0.12800214445234046,0.6028025070496417,0.26919534849801785,0,1,0
1,0.08141047064120888,0.7490043167320147,0.1695852126267764,1,0,0
7,0.05048777166365719,0.760116391098101,0.18939583723824183,0,0,1
0,0.6785087982505342,0.1296379829509083,0.19185321879855743,1,0,0
5,0.02465983270526806,0.0862139944621857,0.8891261728325462,0,1,0
2,0.053366377439409356,0.06131056033609508,0.8853230622244955,1,0,0
7,0.11713679020981696,0.8557761080659994,0.027087101724183715,0,0,1
2,0.09299947719968482,0.09985567459250407,0.8071448482078112,1,0,0
3,0.7003468618747732,0.2314118516054609,0.06824128651976591,0,1,0
3,0.615660953991437,0.020069993732119065,0.3642690522764439,0,1,0
7,0.001627923281398891,0.6751884500744423,0.3231836266441588,0,0,1
2,0.005150089073706132,0.09327372860476418,0.9015761823215297,1,0,0
5,0.06470949107086173,0.004462106047760306,0.930828402881378,0,1,0
2,0.05181855863192478,0.09516585638658027,0.8530155849814949,1,0,0
8,0.14197205457054982,0.0381405749960331,0.8198873704334171,0,0,1
3,0.6805577647682751,0.23518321298553602,0.08425902224618886,0,1,0
8,0.160506809181568,0.033525167817904024,0.8059680230005279,0,0,1
6,0.8278269081145093,0.09452640081320465,0.07764669107228606,0,0,1
3,0.7179240774839679,0.06427057672208472,0.2178053457939474,0,1,0
4,0.018025642646438335,0.9485641718604392,0.03341018549312247,0,1,0
5,0.10924511757464016,0.04639673757874166,0.8443581448466182,0,1,0
0,0.8633065600799126,0.055813103928017554,0.0808803359920699,1,0,0
7,0.24116813551128932,0.735188470322617,0.023643394166093623,0,0,1
0,0.7582818202059641,0.13132834562166415,0.11038983417237169,1,0,0
1,0.04581827729711279,0.7793743357721573,0.17480738693072995,1,0,0
4,0.00036661935521911106,0.8747868183989514,0.12484656224582946,0,1,0
1,0.11723874031333664,0.7927790842796538,0.08998217540700959,1,0,0
1,0.07094639502429932,0.7850161928692683,0.1440374121064324,1,0,0
0,0.8215655414509586,0.0416603190540104,0.13677413949503103,1,0,0
4,0.1243501533819925,0.8738301045945374,0.0018197420234701278,0,1,0
4,0.1603527541562198,0.7733006231037727,0.06634662274000758,0,1,0
4,0.022094732999965585,0.7298188173847127,0.24808644961532178,0,1,0
2,0.021660084323210694,0.001991850641835491,0.9763480650349539,1,0,0
1,0.003676064091434528,0.9642815864293548,0.0320423494792107,1,0,0
8,0.09659431406994495,0.026513841025305476,0.8768918449047496,0,0,1
4,0.040327783020563106,0.6867887252355193,0.2728834917439177,0,1,0
8,0.03125414909060207,0.04833544441931429,0.9204104064900837,0,0,1
4,0.06855781051530214,0.9065727971675306,0.024869392317167227,0,1,0
1,0.018749968860115287,0.7777603903757685,0.20348964076411624,1,0,0
6,0.9094700620261797,0.021405384565722854,0.06912455340809742,0,0,1
5,0.1499931141622372,0.022400434840354224,0.8276064509974086,0,1,0
5,0.11497809776490463,0.03137746615652718,0.8536444360785682,0,1,0
2,0.07654215633616175,0.06777592152615071,0.8556819221376876,1,0,0
8,0.07838209717217653,0.029148911874795604,0.8924689909530279,0,0,1
6,0.9143983162945931,0.080535577908862,0.005066105796544873,0,0,1
1,0.10545981467089179,0.8602473656841918,0.03429281964491637,1,0,0
4,0.09022868169014511,0.7503600004060664,0.15941131790378849,0,1,0
5,0.1971698952896454,0.03330254409021658,0.769527560620138,0,1,0
1,0.023132622751991506,0.7060769202151143,0.2707904570328943,1,0,0
7,0.028615810313898173,0.6077607269018523,0.3636234627842495,0,0,1
7,0.003119878231387219,0.7589579673642778,0.23792215440433495,0,0,1
6,0.8893954696623616,0.085099663644005,0.025504866693633388,0,0,1
3,0.6438335481222146,0.030617212046940304,0.32554923983084505,0,1,0
8,0.007889902122356207,0.011396686412213752,0.98071341146543,0,0,1
1,0.11615042685133803,0.6286953794696659,0.25515419367899606,1,0,0
0,0.8736204512006183,0.05410137048056925,0.07227817831881245,1,0,0
3,0.616242667071994,0.2091523892950664,0.17460494363293955,0,1,0
5,0.10225699503346286,0.023831714668158234,0.8739112902983789,0,1,0
8,0.18215744839659703,0.058618180612233575,0.7592243709911695,0,0,1
6,0.9944032202097557,0.005234474276060741,0.0003623055141835918,0,0,1
7,0.19939885920822653,0.760725692078221,0.03987544871355242,0,0,1
5,0.17714915223346497,0.02766227800914708,0.7951885697573879,0,1,0
8,0.03145406981711185,0.08325727151758756,0.8852886586653006,0,0,1
7,0.10197964543757095,0.6125234553851112,0.2854968991773178,0,0,1
3,0.8195722023263132,0.04821479462889662,0.1322130030447901,0,1,0
1,0.00686824185747379,0.9278265364065907,0.06530522173593545,1,0,0
3,0.9366277338147787,0.012163266987071975,0.05120899919814936,0,1,0
2,0.07263191981885238,0.09422338651367645,0.8331446936674711,1,0,0
2,0.14121289915004945,0.002229367416300765,0.8565577334336498,1,0,0
8,0.03780729159885454,0.024030922868579177,0.9381617855325662,0,0,1
6,0.6531918271288771,0.3408305637064621,0.005977609164660835,0,0,1
5,0.001217951111830784,0.03441042021663343,0.9643716286715358,0,1,0
4,0.04997189779842701,0.6156452671833718,0.3343828350182012,0,1,0
8,0.07635112524010586,0.037835053028298496,0.8858138217315956,0,0,1
0,0.6159087313502638,0.10365884379602362,0.28043242485371256,1,0,0
4,0.00246014387105542,0.9960446096262097,0.0014952465027349149,0,1,0
4,0.11247068200596813,0.7544858805302304,0.13304343746380154,0,1,0
8,0.10219234179189705,0.05075034710416179,0.8470573111039412,0,0,1
3,0.7372854289498098,0.04005044101229545,0.22266413003789476,0,1,0
1,0.10898413374557525,0.8010472097369573,0.08996865651746744,1,0,0
3,0.689888339129795,0.27995734779062587,0.030154313079579165,0,1,0
0,0.8407623177739059,0.08655088119474064,0.0726868010313535,1,0,0
6,0.9125500715916347,0.08451185114307291,0.0029380772652923826,0,0,1
1,0.08318168471149626,0.7693828389421398,0.147435476346364,1,0,0
5,0.0072943075623122635,0.055914772018183595,0.9367909204195042,0,1,0
3,0.8648673583398082,0.10417989425685975,0.03095274740333198,0,1,0
4,0.08435555525807598,0.8868125311402888,0.028831913601635284,0,1,0
0,0.9962455473311695,0.0021111621107639425,0.0016432905580665569,1,0,0
1,0.0201526224695638,0.9263367839000958,0.053510593630340386,1,0,0
2,0.018165174239421145,0.0321970598385366,0.9496377659220423,1,0,0
8,0.010798488053508516,0.054460275319794874,0.9347412366266966,0,0,1
2,0.05287914876203197,0.07508295406866775,0.8720378971693002,1,0,0
3,0.7979527558856866,0.1731581321388375,0.028889111975475945,0,1,0
8,0.030254830764514518,0.03272215775187775,0.9370230114836078,0,0,1
8,0.012316694849212384,0.020577736145703164,0.9671055690050845,0,0,1
5,0.05201377950102191,0.009092841906596094,0.938893378592382,0,1,0
6,0.7754249199318047,0.20359789862515917,0.020977181443036064,0,0,1
3,0.9465705970990691,0.02921961793141037,0.02420978496952053,0,1,0
4,0.047143511504186365,0.7211486616162734,0.23170782687954017,0,1,0
4,0.025619429804339334,0.6509597640267109,0.32342080616894986,0,1,0
1,0.041837300408242455,0.7103100173217207,0.24785268227003687,1,0,0
0,0.7099765641528913,0.2485436216669771,0.04147981418013158,1,0,0
6,0.9949199756337415,0.004987049540290079,9.297482596848372e-05,0,0,1
4,0.058488192742369854,0.6387595900308956,0.3027522172267346,0,1,0
1,0.07123356611907342,0.7523097035992199,0.17645673028170672,1,0,0
0,0.6059005859320006,0.14756669729881774,0.24653271676918165,1,0,0
2,0.12780739450835502,0.0658228900011695,0.8063697154904754,1,0,0
0,0.7829184166733453,0.11417357035265946,0.10290801297399521,1,0,0
5,0.1689854390369332,0.033141118387116766,0.79787344257595,0,1,0
1,0.1978104164958755,0.7241560080305667,0.07803357547355783,1,0,0
3,0.9418881741912495,0.05074673194736495,0.007365093861385619,0,1,0
6,0.7165959808741829,0.26814187907266535,0.015262140053151851,0,0,1
4,0.04017834396240803,0.746437101650927,0.21338455438666493,0,1,0
7,0.010655682835269964,0.928781164229137,0.060563152935593,0,0,1
3,0.9291911923338991,0.05193195523559542,0.01887685243050541,0,1,0
0,0.7502242788098333,0.021142190485508385,0.2286335307046583,1,0,0
1,0.07036986804562205,0.9144066451940673,0.0152234867603106,1,0,0
2,0.15135243685471747,0.02849984209381423,0.8201477210514683,1,0,0
0,0.6374534029047193,0.0686281187709075,0.29391847832437323,1,0,0
4,0.004670764501954272,0.995043500190752,0.00028573530729369967,0,1,0
5,0.08476177517480153,0.0698680645474235,0.845370160277775,0,1,0
8,0.008765431530620638,0.0653367826603298,0.9258977858090496,0,0,1
1,0.3506664769616734,0.617593895492361,0.0317396275459656,1,0,0
4,0.005205533519900652,0.9693444499297628,0.02545001655033663,0,1,0
3,0.7367574892331966,0.0026226802817788998,0.26061983048502446,0,1,0
5,0.1197590428223891,0.06457005994888192,0.815670897228729,0,1,0
0,0.702378475557774,0.1427848134065314,0.15483671103569463,1,0,0
8,0.052159411100645196,0.09413985050544654,0.8537007383939083,0,0,1
3,0.7237619516485216,0.07895751158111448,0.19728053677036383,0,1,0
2,0.11346101785600649,0.04689838943166385,0.8396405927123296,1,0,0
5,0.03820989571680649,0.06581380381976111,0.8959763004634325,0,1,0
7,0.006659446851544315,0.987223204521974,0.006117348626481722,0,0,1
6,0.7658830947600593,0.13600312180816007,0.09811378343178057,0,0,1
6,0.6160840229830548,0.28957959259910837,0.09433638441783687,0,0,1
4,0.11029668950912588,0.7429550770258289,0.14674823346504529,0,1,0
3,0.8689566523494175,0.01522566295540444,0.11581768469517806,0,1,0
3,0.8525489812156777,0.021126507937461715,0.12632451084686058,0,1,0
7,0.13054952930154676,0.7793694295903567,0.09008104110809656,0,0,1
2,0.03723749191720873,0.04009109579188991,0.9226714122909013,1,0,0
7,0.13406611138656813,0.6707442289099578,0.19518965970347413,0,0,1
1,0.28141574416661425,0.6108666227930326,0.10771763304035309,1,0,0
1,0.13350981645112744,0.6345813986902208,0.23190878485865174,1,0,0
6,0.8103552947586292,0.09170041263878376,0.09794429260258708,0,0,1
8,0.06510193581805071,0.08592623552006314,0.8489718286618861,0,0,1
8,0.18094166455756486,0.022121224078104143,0.796937111364331,0,0,1
0,0.7069748510139047,0.24894077609597665,0.044084372890118684,1,0,0
0,0.6785762512377846,0.23407318899649546,0.08735055976571993,1,0,0
8,0.08179451170733668,0.09401364782919802,0.8241918404634653,0,0,1
7,0.16570166896840963,0.7948797844471148,0.03941854658447552,0,0,1
7,0.09406479330906099,0.8961112961862752,0.009823910504663802,0,0,1
3,0.7687854429800375,0.1635591490680991,0.06765540795186342,0,1,0
7,0.08536590178317077,0.8220010736682157,0.09263302454861355,0,0,1
5,0.14475949661226103,0.06012385789240737,0.7951166454953316,0,1,0
2,0.12675345571653993,0.01967839388691467,0.8535681503965454,1,0,0
0,0.9922899015243926,0.006304261416367485,0.0014058370592399116,1,0,0
4,0.13092895841339777,0.6814397172138941,0.18763132437270813,0,1,0
1,0.15633146008014367,0.818373356127596,0.025295183792260367,1,0,0
2,0.1849746600595935,0.027669285830771495,0.7873560541096349,1,0,0
8,0.17655993115770785,0.01424469191057669,0.8091953769317155,0,0,1
2,0.08630139555788373,0.014051884945659655,0.8996467194964566,1,0,0
6,0.8552822171468117,0.06559043466709413,0.07912734818609413,0,0,1
6,0.9555678901285487,0.002684573525330203,0.04174753634612105,0,0,1
3,0.801503100648062,0.16992210244946362,0.028574796902474442,0,1,0
0,0.8302580807619122,0.10206814704541829,0.06767377219266946,1,0,0
0,0.7870235752327167,0.14906897786041537,0.06390744690686789,1,0,0
1,0.0005675738906807837,0.9981435299614208,0.0012888961478985106,1,0,0
7,0.11063008774753934,0.6218935908936243,0.26747632135883637,0,0,1
3,0.719585620814195,0.2618942631951884,0.018520115990616648,0,1,0
1,0.1287741951921401,0.752406421446501,0.11881938336135889,1,0,0
5,0.03323799177207736,0.0960104552277595,0.8707515530001632,0,1,0
3,0.8638833953973298,0.02185979787547945,0.11425680672719074,0,1,0
2,0.007500790978313066,0.018847702751145612,0.9736515062705413,1,0,0
3,0.8084153219456308,0.05436344782767138,0.13722123022669785,0,1,0
1,0.13814572855166715,0.6430112519562233,0.2188430194921095,1,0,0
7,0.08411969559290769,0.6171452653068484,0.2987350391002439,0,0,1
0,0.8082854124622968,0.006472290911664525,0.18524229662603864,1,0,0
1,0.0034019383057963815,0.9102985110312928,0.08629955066291084,1,0,0
8,0.15609226382887598,0.07897302560604592,0.7649347105650781,0,0,1
3,0.6255396475118922,0.15941245400326368,0.21504789848484418,0,1,0
2,0.012434314719963813,0.0177371733195143,0.9698285119605219,1,0,0
3,0.6208119196772854,0.09465432249185311,0.28453375783086143,0,1,0
5,0.013584550704442911,0.046484471825877394,0.9399309774696797,0,1,0
0,0.653044452757333,0.22915843376912792,0.11779711347353905,1,0,0
4,0.03914151094391314,0.6284808879767897,0.33237760107929715,0,1,0
4,0.17506394565847933,0.8021434974222827,0.022792556919237983,0,1,0
4,0.1554870160296179,0.776974082590331,0.06753890138005114,0,1,0
1,0.043045591264683394,0.8458872269591465,0.11106718177617003,1,0,0
2,0.1683820953316335,0.07410830189679217,0.7575096027715743,1,0,0
4,0.053735722406839416,0.7793833241688589,0.16688095342430165,0,1,0
7,0.04590898831598076,0.6421459610734169,0.3119450506106023,0,0,1
1,0.07235239787090353,0.9182280394375851,0.00941956269151134,1,0,0
1,0.1115807558012215,0.6064206012794925,0.281998642919286,1,0,0
7,0.027891081801109243,0.9294332766383375,0.04267564156055326,0,0,1
0,0.8989848238469358,0.003734663760685342,0.09728051239237889,1,0,0
8,0.1116262656179585,0.055725766251530966,0.8326479681305106,0,0,1
6,0.7246173847161774,0.2717368277271781,0.003645787556644464,0,0,1
0,0.6640052788081348,0.16633623308378953,0.1696584881080757,1,0,0
2,0.11701467497073535,0.02060414661727149,0.8623811784119931,1,0,0
8,0.11144440359380887,0.08999481344020342,0.7985607829659878,0,0,1
8,0.09888637680831823,0.08652032423526401,0.8145932989564177,0,0,1
1,0.2236133643527811,0.6829902481259674,0.09339638752125146,1,0,0
3,0.8321336509114082,0.05299550257110522,0.11487084651748658,0,1,0
6,0.6964050594170256,0.2587240868586506,0.04487085372432387,0,0,1
2,0.0009306522575077691,0.028983287066744957,0.9700860606757473,1,0,0
1,0.1667327323257089,0.7009389296450393,0.1323283380292517,1,0,0
1,0.0979582472425801,0.7850617592794462,0.11697999347797372,1,0,0
2,0.11283373021136332,0.009026189422623676,0.878140080366013,1,0,0
0,0.8236915256721515,0.144994067850267,0.031314406477581436,1,0,0
8,0.07496312068621909,0.08052302006940525,0.8445138592443757,0,0,1
7,0.03638685549527705,0.8281295624623978,0.13548358204232513,0,0,1
6,0.7208467327515954,0.05580921153833205,0.22334405571007254,0,0,1
8,0.13943460490264273,0.09052978394120448,0.7700356111561528,0,0,1
4,0.03471594773423257,0.9197797529760963,0.045504299289671146,0,1,0
0,0.845692487667985,0.11713940369042697,0.03716810864158804,1,0,0
7,0.014890631805449007,0.8318658332447397,0.15324353494981124,0,0,1
4,0.0876056698824455,0.7862245819150645,0.12616974820248994,0,1,0
8,0.02311581491509858,0.08103574071098228,0.8958484443739192,0,0,1
2,0.1333821447979032,0.0731877116708175,0.7934301435312793,1,0,0
0,0.6482593180241536,0.12311961180151246,0.22862107017433397,1,0,0
7,0.15710717754427891,0.7360215791560458,0.10687124329967523,0,0,1
1,0.010964756364141338,0.7829182691563212,0.20611697447953747,1,0,0
1,0.10892430633801715,0.6549480775022951,0.2361276161596877,1,0,0
0,0.8413563039957895,0.12177640397773289,0.03686729202647754,1,0,0
7,0.010111157016974338,0.9856558366556353,0.004233006327390432,0,0,1
3,0.8313831897335345,0.012949379372017634,0.1556674308944478,0,1,0
1,0.02543869014987954,0.9651360944259731,0.009425215424147315,1,0,0
5,0.17064410458081103,0.023461320280260958,0.805894575138928,0,1,0
5,0.060078412757902266,0.004599525119346726,0.935322062122751,0,1,0
4,0.0102918134633204,0.9760904979489264,0.01361768858775314,0,1,0
0,0.8125830578968978,0.1095484305398729,0.07786851156322938,1,0,0
7,0.3423401717027936,0.6423894200764996,0.0152704082207068,0,0,1
7,0.04750961474315632,0.8507087560779427,0.10178162917890099,0,0,1
2,0.16743166896562342,0.023429204791095382,0.8091391262432812,1,0,0
0,0.9730966696569333,0.025387112179547477,0.0015162181635192118,1,0,0
0,0.8743793318329383,0.07490269008567858,0.05071797808138312,1,0,0
5,0.16190616343335507,0.037460201152549055,0.8006336354140959,0,1,0
3,0.8332233717212656,0.10615060167139921,0.06062602660733518,0,1,0
3,0.8819088057431717,0.09715941351823108,0.02093178073859725,0,1,0
4,0.17871789088070122,0.7963214563279731,0.024960652791325644,0,1,0
8,0.060959201211992456,0.0661956475105238,0.8728451512774837,0,0,1
6,0.6494483978989006,0.2853011780094842,0.06525042409161519,0,0,1
7,0.2119525163605207,0.6683587223774953,0.11968876126198402,0,0,1
6,0.6465902383364248,0.31538957859735284,0.038020183066222346,0,0,1
4,0.05229640480136171,0.9422560381882276,0.005447557010410775,0,1,0
0,0.6316770435293715,0.16029239541793205,0.20803056105269646,1,0,0
4,0.02354242719515356,0.9663994350052203,0.010058137799626166,0,1,0
1,0.14527280875038806,0.7381717295720569,0.11655546167755504,1,0,0
0,0.9484673810611624,0.03875630918806956,0.012776309750768045,1,0,0
7,0.0021199663338055787,0.9942769989227233,0.003603034743471123,0,0,1
1,0.07012034195955903,0.863279452806367,0.06660020523407395,1,0,0
7,0.09695182530955107,0.9022321474639295,0.0008160272265194113,0,0,1
4,0.04448307285652491,0.932780307886039,0.022736619257436086,0,1,0
6,0.7822451880963324,0.10562545718118055,0.11212935472248708,0,0,1
0,0.7362206935642456,0.14305588419497384,0.12072342224078059,1,0,0
5,0.09137016880984164,0.02654987766490078,0.8820799535252576,0,1,0
3,0.7665591240640015,0.047948647346597276,0.18549222858940118,0,1,0
1,0.04443430129343935,0.8184021633732869,0.13716353533327375,1,0,0
1,0.3142242269150491,0.6591494903417275,0.026626282743223317,1,0,0
6,0.9420486273097488,0.0361881545190284,0.021763218171222842,0,0,1
5,0.12243465625065296,0.05690448236991594,0.8206608613794311,0,1,0
0,0.8658490531277063,0.04497138507366549,0.08917956179862818,1,0,0
2,0.1941167920305919,0.016030636412277356,0.7898525715571307,1,0,0
1,0.020643617162859985,0.6192620408017123,0.3600943420354277,1,0,0
6,0.8980680437961006,0.07283972497208256,0.029092231231816812,0,0,1
5,0.09588102329191846,0.01276415389060236,0.8913548228174792,0,1,0
2,0.0542774791453871,0.054344493529211606,0.8913780273254013,1,0,0
6,0.7985633053442638,0.09376360616098754,0.10767308849474866,0,0,1
5,0.10684161764319654,0.047590714258939584,0.8455676680978639,0,1,0
4,0.00032488145127658187,0.9936734377329958,0.006001680815727606,0,1,0
3,0.6891222864679137,0.21845953759477374,0.0924181759373125,0,1,0
6,0.6335135165259376,0.3036522304015562,0.06283425307250623,0,0,1
6,0.7206954772650339,0.06932783412725359,0.20997668860771246,0,0,1
7,0.017850804398770802,0.671896352975118,0.3102528426261112,0,0,1
5,0.15833938389078958,0.05455826892934388,0.7871023471798666,0,1,0
1,0.10321200094516386,0.8541328662741399,0.042655132780696325,1,0,0
3,0.9750315515956612,0.010068619582791838,0.014899828821546945,0,1,0
7,0.026153073826113805,0.9147759170794725,0.05907100909441376,0,0,1
0,0.9922045306566465,0.0003139322005977885,0.007481537142755679,1,0,0
2,0.09547829808749848,0.0018985239097975227,0.902623178002704,1,0,0
6,0.7753682396593298,0.09935830639252985,0.12527345394814038,0,0,1
1,0.011029998860356561,0.9619879697804543,0.026982031359189085,1,0,0
2,0.07079319404830127,0.08543884714021298,0.8437679588114857,1,0,0
0,0.7680538871896022,0.08262211904960469,0.14932399376079308,1,0,0
5,0.019743721074268295,0.039758799849830766,0.940497479075901,0,1,0
4,0.1507228504263857,0.6924507290156597,0.1568264205579546,0,1,0
2,0.013131120662475328,0.0650809010753846,0.9217879782621401,1,0,0
6,0.7246623866760249,0.09376111686481683,0.1815764964591583,0,0,1
5,0.16628535443574033,0.01435674649037516,0.8193578990738846,0,1,0
6,0.6896648018107847,0.2625897482650483,0.04774544992416696,0,0,1
1,0.14020887968121523,0.802959621651183,0.05683149866760184,1,0,0
6,0.7939530017601604,0.14007377901774462,0.06597321922209498,0,0,1
7,0.03636433723606474,0.9276180736082941,0.03601758915564124,0,0,1
0,0.8601310884599935,0.13965451012915833,0.000214401410848164,1,0,0
8,0.13908847832852794,0.053086913474374775,0.8078246081970972,0,0,1
8,0.057598077339775046,0.056803585724605136,0.8855983369356198,0,0,1
8,0.06647090977352724,0.00425577084334885,0.929273319383124,0,0,1
2,0.12680112772220417,0.06784687053189702,0.8053520017458988,1,0,0
7,0.08738615353107156,0.8004641585515392,0.11214968791738922,0,0,1
1,0.20186074461629055,0.649707401430941,0.14843185395276848,1,0,0
5,0.09237549440180814,0.02489222137947167,0.8827322842187202,0,1,0
6,0.6188120464012082,0.16079702744006516,0.22039092615872657,0,0,1
8,0.09948033453686407,0.0018102802691388087,0.8987093851939971,0,0,1
2,0.07339311331315923,0.024905820552854865,0.9017010661339859,1,0,0
4,0.058065421151601626,0.70555169723558,0.2363828816128184,0,1,0
2,0.07128850838860948,0.09253081422036542,0.8361806773910251,1,0,0
4,0.13938677070275926,0.8159208930329505,0.044692336264290256,0,1,0
4,0.1421015799980716,0.8100149580044096,0.047883461997518806,0,1,0
8,0.13408623707481893,0.012915355934038253,0.8529984069911428,0,0,1
6,0.6487462689569832,0.31529840686903804,0.03595532417397873,0,0,1
4,0.18545543708234963,0.7798591519986199,0.034685410919030435,0,1,0
4,0.029419750026605265,0.760180549887253,0.21039970008614173,0,1,0
4,0.05732930963793357,0.7910184679185264,0.15165222244354004,0,1,0
1,0.0019968545233287394,0.6608437779926551,0.3371593674840161,1,0,0
8,0.16431680699984136,0.03181368158126261,0.8038695114188961,0,0,1
0,0.964447628980037,0.034199184718845914,0.0013531863011171374,1,0,0
6,0.8066671937643362,0.004077818714568293,0.1892549875210956,0,0,1
0,0.7798643659606086,0.06641907631673859,0.1537165577226528,1,0,0
5,0.16678031296509613,0.02398482572828461,0.8092348613066193,0,1,0
0,0.9441082694300706,0.04963488703506838,0.006256843534861001,1,0,0
4,0.07453602278292837,0.7142536018001413,0.21121037541693033,0,1,0
6,0.7558899820789244,0.049988481805527535,0.19412153611554805,0,0,1
3,0.776644557055772,0.03633153646525527,0.18702390647897282,0,1,0
8,0.024990464435006923,0.08923371637257517,0.8857758191924179,0,0,1
8,0.18629692879919268,0.033254295471104534,0.7804487757297027,0,0,1
3,0.9481358200044323,0.03065017228026652,0.02121400771530113,0,1,0
5,0.05874652932621001,0.018775165344697232,0.9224783053290928,0,1,0
8,0.04668081522313523,0.08878257717776153,0.8645366075991032,0,0,1
3,0.6880759138340387,0.2036609127631322,0.1082631734028292,0,1,0
4,0.01187819411839679,0.866796190265064,0.1213256156165392,0,1,0
4,0.20541509305705757,0.681254049164298,0.11333085777864449,0,1,0
4,0.041346606062722335,0.9373368393024365,0.021316554634841167,0,1,0
6,0.9734317583321808,0.008560866410187763,0.01800737525763152,0,0,1
6,0.9711811835690447,0.007859441037536108,0.02095937539341919,0,0,1
2,0.046765396803740145,0.007065723691621173,0.9461688795046387,1,0,0
2,0.16323214636722905,0.05033705171553248,0.7864308019172385,1,0,0
7,0.020852431656502014,0.8795123889829869,0.09963517936051114,0,0,1
2,0.1187340328856667,0.009522141193852064,0.8717438259204813,1,0,0
3,0.8855304815049656,0.10059671331400098,0.013872805181033399,0,1,0
8,0.11942547459585567,0.031075589193215694,0.8494989362109286,0,0,1
1,0.12167232720697481,0.7884282451102905,0.08989942768273462,1,0,0
2,0.17738896747464045,0.06726540656455865,0.7553456259608009,1,0,0
4,0.09647272144135727,0.7833003325934689,0.12022694596517391,0,1,0
3,0.8925969400387828,0.10263370829600592,0.004769351665211308,0,1,0
4,0.03132643674517217,0.8934360906506824,0.07523747260414537,0,1,0
0,0.9820539794836215,0.005582632921200492,0.012363387595177966,1,0,0
5,0.1054111601038803,0.013767563701481723,0.880821276194638,0,1,0
5,0.11464154306403017,0.053607225860015366,0.8317512310759545,0,1,0
5,0.1777970751977475,0.005443057832755705,0.8167598669694968,0,1,0
3,0.6349768554258358,0.14820878895816447,0.2168143556159997,0,1,0
8,0.05101458750989574,0.09998008384219113,0.8490053286479131,0,0,1
6,0.9420815197821577,0.015056763733891155,0.042861716483951096,0,0,1
8,0.13843444357424975,0.07675155354188071,0.7848140028838695,0,0,1
4,0.10245099859222084,0.7890765638338348,0.10847243757394431,0,1,0
1,0.15685360777222176,0.673777029636305,0.16936936259147317,1,0,0
8,0.036078920368584955,0.013028881224163624,0.9508921984072514,0,0,1
4,0.0846662928765575,0.8930972895679672,0.02223641755547534,0,1,0
6,0.8696045574672522,0.10270776663044053,0.02768767590230725,0,0,1
1,0.32857520420297925,0.6611382587103457,0.01028653708667504,1,0,0
6,0.8589297030149579,0.09785583010106036,0.043214466883981784,0,0,1
4,0.006076383432571043,0.8999275119094545,0.09399610465797448,0,1,0
3,0.8474443555625902,0.1366694362159933,0.015886208221416398,0,1,0
8,0.000437102693471747,0.024094213012627787,0.9754686842939004,0,0,1
5,0.05452412847316821,0.023901296940996433,0.9215745745858354,0,1,0
7,0.061772921590894564,0.9078225172220864,0.030404561187019064,0,0,1
4,0.030369817097674723,0.8610533641643723,0.108576818737953,0,1,0
7,0.07235242464003,0.8489928142534859,0.07865476110648406,0,0,1
3,0.9124716179496312,0.06517120790088714,0.022357174149481684,0,1,0
4,0.019932449165615387,0.9296061581779325,0.05046139265645211,0,1,0
7,0.0037788773953942203,0.8853657142760707,0.11085540832853513,0,0,1
6,0.6591077581754295,0.18818097845083562,0.15271126337373486,0,0,1
5,0.149298363688786,0.032341618870303256,0.8183600174409107,0,1,0
5,0.15201394890994754,0.03484475853689643,0.813141292553156,0,1,0
5,0.0015165544994452107,0.06322508084498439,0.9352583646555704,0,1,0
0,0.9468848029071295,0.031056011679947607,0.022059185412922844,1,0,0
4,0.03449064169263947,0.95370333950283,0.011806018804530471,0,1,0
8,0.19228124425670257,0.04594845422837873,0.7617703015149186,0,0,1
8,0.1398747503671047,0.03529892946606216,0.8248263201668331,0,0,1
3,0.7674490258193394,0.14294351854180493,0.08960745563885575,0,1,0
1,0.17276224517554883,0.8202616626219738,0.006976092202477413,1,0,0
0,0.9763992716420363,0.005358572531244521,0.018242155826719175,1,0,0
4,0.1915827136793356,0.6617038564258472,0.14671342989481717,0,1,0
0,0.8266530270143978,0.1380437059777839,0.03530326700781827,1,0,0
1,0.05099228133484766,0.9112730759164301,0.03773464274872218,1,0,0
8,0.027838787568422108,0.05069580802257895,0.9214654044089989,0,0,1
0,0.8785985614210587,0.022782274185411344,0.09861916439352991,1,0,0
5,0.009785009472664474,0.0786693802078475,0.911545610319488,0,1,0
2,0.06014607997741326,0.04286072800768337,0.8969931920149034,1,0,0
6,0.83965043734609,0.014948757250847012,0.145400805403063,0,0,1
0,0.8422545125699574,0.09420261183252424,0.06354287559751837,1,0,0
6,0.8566422107511269,0.03646877009446588,0.10688901915440718,0,0,1
3,0.9623529852326383,0.03528116633112704,0.0023658484362346632,0,1,0
7,0.13177633839000857,0.7363418439933553,0.1318818176166361,0,0,1
4,0.1261659204675902,0.7648423842870792,0.10899169524533059,0,1,0
1,0.11362020163011013,0.7293180120851948,0.15706178628469514,1,0,0
1,0.009932495690133703,0.9554020876103579,0.0346654166995084,1,0,0
3,0.6698267857168464,0.06282730801650756,0.267345906266646,0,1,0
1,0.13038331936265424,0.6488055309313144,0.22081114970603133,1,0,0
5,0.061926585750745125,0.007260055560053158,0.9308133586892017,0,1,0
0,0.7938432943797943,0.04689727281673282,0.15925943280347288,1,0,0
7,0.1415414170745209,0.6803416899142573,0.1781168930112218,0,0,1
5,0.1783173799501232,0.05836076942156507,0.7633218506283117,0,1,0
5,0.06837947400516141,0.03623012013389881,0.8953904058609398,0,1,0
7,0.04305798904669307,0.6594077907143028,0.2975342202390041,0,0,1
0,0.8606468338018866,0.04187687819174939,0.0974762880063641,1,0,0
4,0.3043777561828941,0.6746922997029604,0.020929944114145504,0,1,0
7,0.03853215305164617,0.9188208247805829,0.04264702216777094,0,0,1
1,0.14393839443551437,0.698011009092668,0.15805059647181763,1,0,0
4,0.07234932433965145,0.7552920755617074,0.17235860009864112,0,1,0
4,0.004840914969124865,0.9642517446761596,0.03090734035471554,0,1,0
8,0.15420483107960706,0.019878706299148476,0.8259164626212445,0,0,1
6,0.9821388119079424,0.014944406014374013,0.002916782077683644,0,0,1
2,0.013000965285348465,0.08293588754709265,0.9040631471675589,1,0,0
6,0.8773633068354101,0.045394606055479875,0.07724208710911007,0,0,1
0,0.8025745405609139,0.16238107757552173,0.0350443818635644,1,0,0
3,0.6591382136667332,0.32961118580784987,0.011250600525416932,0,1,0
4,0.005385744932757408,0.9565265640506939,0.03808769101654863,0,1,0
3,0.6315196604875797,0.36589686856052733,0.002583470951893041,0,1,0
0,0.7689320049490175,0.0045026460933413675,0.22656534895764113,1,0,0
7,0.0618167977061876,0.8828372550897221,0.05534594720409025,0,0,1
2,0.09574377009533706,0.02851790255910316,0.8757383273455598,1,0,0
0,0.6588971922182676,0.04003688672735235,0.30106592105438,1,0,0
5,0.0917931672547081,0.0010798620540586334,0.9071269706912333,0,1,0
1,0.0674592354032304,0.7443816078789758,0.18815915671779382,1,0,0
3,0.8526583806663167,0.014936648173636692,0.13240497116004657,0,1,0
2,0.029238425966096826,0.07287438998721227,0.8978871840466909,1,0,0
7,0.22092740960402713,0.6277059814974218,0.15136660889855102,0,0,1
5,0.036432049480173846,0.029493992608170084,0.934073957911656,0,1,0
3,0.9737854353466672,0.004288428534592281,0.021926136118740502,0,1,0
0,0.6768478664458573,0.2555265536209538,0.06762557993318896,1,0,0
3,0.8103839023695584,0.11481757443565593,0.07479852319478564,0,1,0
2,0.0741078100116946,0.05286993305244499,0.8730222569358604,1,0,0
2,0.047121370043035786,0.02025260067067397,0.9326260292862902,1,0,0
8,0.19134017235514506,0.04678474152010247,0.7618750861247525,0,0,1
2,0.06711336129918787,0.012486942263750234,0.9203996964370619,1,0,0
5,0.1447652731458022,0.09581126344794917,0.7594234634062487,0,1,0
7,0.023061229080701476,0.9006404406940904,0.07629833022520804,0,0,1
8,0.09758507322787247,0.06562075940986113,0.8367941673622664,0,0,1
7,0.06362049452969747,0.824086011351444,0.11229349411885858,0,0,1
5,0.16313223645142935,0.006919486261598118,0.8299482772869725,0,1,0
1,0.22371624140869362,0.6708681313192348,0.10541562727207154,1,0,0
0,0.8607857202156945,0.13015097976013826,0.00906330002416722,1,0,0
2,0.013647857350236148,0.04010637937181508,0.9462457632779487,1,0,0
2,0.16231892354454786,0.039378454817323175,0.798302621638129,1,0,0
1,0.11572678757702026,0.7040929305996992,0.1801802818232805,1,0,0
1,0.30864996679128526,0.6653054592206257,0.026044573988089015,1,0,0
4,0.25751140394984223,0.6316772673346561,0.1108113287155017,0,1,0
2,0.12469953219106847,0.01165708299037187,0.8636433848185596,1,0,0
2,0.021059529277362366,0.027040803679023895,0.9518996670436137,1,0,0
2,0.18851090460705816,0.015435063096533376,0.7960540322964085,1,0,0
3,0.7793188117995069,0.071511057399871,0.14917013080062214,0,1,0
2,0.058010445071802336,0.050552609437404056,0.8914369454907936,1,0,0
5,0.08478870296433472,0.06418609300200655,0.8510252040336588,0,1,0
6,0.7648338155358727,0.20667131869055397,0.028494865773573297,0,0,1
8,0.11179933000717696,0.05588495666827871,0.8323157133245443,0,0,1
0,0.6815677054903031,0.01717041461573623,0.3012618798939607,1,0,0
6,0.7756375213791643,0.18860749850688424,0.035754980113951396,0,0,1
6,0.8528342945798222,0.08257917831514346,0.06458652710503432,0,0,1
4,0.20877486813948984,0.7832929575248415,0.007932174335668618,0,1,0
7,0.06258293786573148,0.7287825392003018,0.20863452293396678,0,0,1
8,0.09733301386233131,0.06823568853494803,0.8344312976027206,0,0,1
6,0.8711875416341597,0.06861101851788609,0.06020143984795423,0,0,1
5,0.11385875589179384,0.02750790209053068,0.8586333420176755,0,1,0
1,0.13514562997939428,0.664060494012168,0.20079387600843768,1,0,0
1,0.021454371962754105,0.9555526691950297,0.022992958842216193,1,0,0
5,0.03816282331616086,0.05918197315073029,0.9026552035331088,0,1,0
7,0.1604170987911363,0.6236589566679922,0.2159239445408715,0,0,1
3,0.6884954234404449,0.29516605620285996,0.01633852035669514,0,1,0
6,0.8433566820100846,0.07261097188776722,0.08403234610214816,0,0,1
7,0.06615034796082515,0.908567754849345,0.02528189718982976,0,0,1
6,0.837069622247918,0.008464534606770302,0.15446584314531164,0,0,1
0,0.7411132081947496,0.24328381233904334,0.015602979466207145,1,0,0
7,0.11470926540152103,0.7957763177500161,0.08951441684846284,0,0,1
0,0.8182118621817004,0.17177243657936858,0.01001570123893103,1,0,0
1,0.31442557447642816,0.6804826025193556,0.005091823004216289,1,0,0
0,0.8973318242164621,0.10140273317606847,0.0012654426074694136,1,0,0
0,0.8831278105181977,0.07903078931086732,0.03784140017093507,1,0,0
7,0.04628703263303309,0.7715485826078228,0.1821643847591441,0,0,1
8,0.1330018460259906,0.0258825509939313,0.8411156029800781,0,0,1
5,0.11794822031138674,0.05057399812280283,0.8314777815658104,0,1,0
8,0.19490738176026404,0.048467079514352175,0.7566255387253837,0,0,1
4,0.02867720147928439,0.6334633957507815,0.3378594027699341,0,1,0
5,0.1225033886246557,0.08508598238477422,0.7924106289905701,0,1,0
2,0.003162690179252059,0.09573918421748268,0.9010981256032653,1,0,0
0,0.7991918568604952,0.09597780716207063,0.10483033597743419,1,0,0
1,0.33088667174104414,0.6430120345811151,0.026101293677840753,1,0,0
3,0.875292545907997,0.08856978349187745,0.036137670600125515,0,1,0
4,0.19572528420599422,0.7976335532615826,0.006641162532423195,0,1,0
2,0.029569056635686587,0.008555819134643273,0.9618751242296701,1,0,0
7,0.06174139290328991,0.705531086379277,0.23272752071743308,0,0,1
2,0.14448126787061996,0.0430388714871153,0.8124798606422647,1,0,0
0,0.9671336440141065,0.005961671039149863,0.026904684946743584,1,0,0
1,0.15760804143587662,0.7693965862351331,0.07299537232899034,1,0,0
0,0.9698827638397151,0.00759544497073863,0.022521791189546336,1,0,0
3,0.984851650792248,0.004541942896941764,0.010606406310810224,0,1,0
5,0.05829724854747318,0.017822968327040545,0.9238797831254862,0,1,0
0,0.9960877491423658,0.0013637511292103445,0.0025484997284238586,1,0,0
2,0.0393724756212051,0.09779529815960558,0.8628322262191893,1,0,0
3,0.821853070237025,0.1312639735990795,0.046882956163895484,0,1,0
0,0.8792254741617709,0.025797447069232107,0.09497707876899697,1,0,0
4,0.15235740960974942,0.8137735133480837,0.033869077042166906,0,1,0
8,0.11094617506381739,0.05470690746672552,0.8343469174694571,0,0,1
1,0.2312419592161679,0.7451473854131729,0.023610655370659206,1,0,0
3,0.8858102257489107,0.023578255629493672,0.09061151862159567,0,1,0
8,0.16100832407821317,0.04332766881558692,0.7956640071061999,0,0,1
2,0.015010448891645224,0.0895614599077983,0.8954280912005564,1,0,0
4,0.03868593428368681,0.6667492888777014,0.2945647768386118,0,1,0
2,0.18738293050188876,0.018213661328327236,0.7944034081697839,1,0,0
7,0.27686159358347523,0.6444685130694607,0.07866989334706398,0,0,1
0,0.6686386912457724,0.03998174388739542,0.29137956486683225,1,0,0
1,0.06165345672557226,0.8034878318429637,0.1348587114314641,1,0,0
4,0.13038259131515756,0.7266514563665566,0.1429659523182858,0,1,0
8,0.12144342468752656,0.08427069570426474,0.7942858796082087,0,0,1
8,0.1694996697091631,0.02718163675568044,0.8033186935351564,0,0,1
8,0.004528015318648393,0.02638117272010424,0.9690908119612474,0,0,1
3,0.7098653999066009,0.17319551677377953,0.11693908331961955,0,1,0
5,0.06765266481114816,0.005523382928359644,0.9268239522604922,0,1,0
0,0.8636358504442636,0.07710310763461661,0.059261041921119806,1,0,0
8,0.07120892405894057,0.0008762103820422085,0.9279148655590173,0,0,1
8,0.09146270016470542,0.040143771236364006,0.8683935285989306,0,0,1
2,0.1370865401013189,0.09478234266928863,0.7681311172293925,1,0,0
8,0.13260153483837586,0.07531773818293952,0.7920807269786846,0,0,1
7,0.1280348188208699,0.8287886227499239,0.0431765584292062,0,0,1
8,0.14667969996203079,0.048929198022148596,0.8043911020158206,0,0,1
8,0.17933779506070915,0.029475853143600617,0.7911863517956902,0,0,1
3,0.7004260526380555,0.29850103173161807,0.0010729156303264098,0,1,0
8,0.01300778595597012,0.0967822477900894,0.8902099662539404,0,0,1
1,0.09968496382782735,0.8586439395258403,0.041671096646332395,1,0,0
2,0.12018324780353828,0.015247751426115098,0.8645690007703466,1,0,0
4,0.18251480563454772,0.6765420516920146,0.14094314267343766,0,1,0
4,0.15375123622074285,0.8195313933717338,0.026717370407523422,0,1,0
6,0.787181209207985,0.06853695017082098,0.1442818406211941,0,0,1
6,0.716178520053027,0.1978926067007823,0.0859288732461907,0,0,1
4,0.09004223118107127,0.8699995914585368,0.03995817736039198,0,1,0
7,0.20559920724157332,0.713174971350353,0.08122582140807366,0,0,1
1,0.140733478514001,0.8230302994273252,0.03623622205867383,1,0,0
3,0.8214749503178932,0.10669782537858748,0.07182722430351929,0,1,0
8,0.02879403726565153,0.017239368344837604,0.9539665943895108,0,0,1
3,0.9564444000015088,0.01331370079457721,0.03024189920391407,0,1,0
1,0.06744451930980509,0.6413808196106557,0.29117466107953915,1,0,0
2,0.061064425187553,0.07035625443317121,0.8685793203792758,1,0,0
6,0.8572212134703636,0.07990874088639624,0.06287004564324017,0,0,1
8,0.04260144272203517,0.0630548654548198,0.894343691823145,0,0,1
2,0.12581399787147507,0.07350133920589,0.800684662922635,1,0,0
4,0.07770810839650522,0.8492380722530092,0.0730538193504856,0,1,0
1,0.017318607566260802,0.914494805625654,0.0681865868080852,1,0,0
8,0.03227340518904714,0.05326865451628004,0.9144579402946729,0,0,1
0,0.8635616830121449,0.08716969313978984,0.049268623848065296,1,0,0
5,0.19498115087953466,0.042153226851621206,0.7628656222688441,0,1,0
3,0.9872073757076059,0.0037807368312628323,0.009011887461131352,0,1,0
0,0.8129886656008111,0.06655891240144159,0.1204524219977473,1,0,0
8,0.1989955283678197,0.00740384754367609,0.7936006240885042,0,0,1
4,0.006453499333797685,0.9523722658433562,0.0411742348228461,0,1,0
5,0.09925911810496374,0.039445268251985854,0.8612956136430504,0,1,0
5,0.13061799065314492,0.07125117226817278,0.7981308370786824,0,1,0
3,0.8844395522426859,0.013401066159037224,0.10215938159827687,0,1,0
8,0.13352883521399023,0.004302381376090914,0.8621687834099189,0,0,1
3,0.87979837517028,0.006845151180626275,0.11335647364909374,0,1,0
6,0.7768350717580599,0.16345847476840164,0.059706453473538534,0,0,1
8,0.0695230192968167,0.0883914672116559,0.8420855134915274,0,0,1
8,0.04516396786315009,0.062461002998609495,0.8923750291382404,0,0,1
5,0.06450075633582644,0.021117303978710755,0.9143819396854628,0,1,0
1,0.0933831039354339,0.7060202243471982,0.20059667171736784,1,0,0
4,0.2012699253043702,0.7676697623978586,0.031060312297771286,0,1,0
8,0.009541409516904343,0.05604359078415046,0.9344149996989453,0,0,1
3,0.7909631361407009,0.11897957458286773,0.09005728927643131,0,1,0
0,0.8291146128298696,0.0700685835178784,0.10081680365225199,1,0,0
2,0.06351016664911667,0.09210849387243371,0.8443813394784496,1,0,0
5,0.034959915557801584,0.045184041036415795,0.9198560434057826,0,1,0
3,0.9188290920169941,0.036735242136509076,0.04443566584649683,0,1,0
4,0.03522917858506296,0.6317029550112597,0.33306786640367736,0,1,0
7,0.06324194556291851,0.6432198106027002,0.2935382438343813,0,0,1
6,0.9063294318016115,0.04800025595713234,0.04567031224125617,0,0,1
0,0.9986851623252513,0.0008074140842510236,0.0005074235904977131,1,0,0
8,0.0897408272888475,0.05766103446353474,0.8525981382476178,0,0,1
5,0.07156926302783546,0.07807814510188194,0.8503525918702826,0,1,0
4,0.018982397797215445,0.8993248462113939,0.0816927559913907,0,1,0
1,0.16766011445925855,0.6979014609005859,0.13443842464015554,1,0,0
1,0.06965799364591306,0.8699486653690229,0.06039334098506399,1,0,0
4,0.2012699253043702,0.7676697623978586,0.031060312297771286,0,1,0
7,0.06324194556291851,0.6432198106027002,0.2935382438343813,0,0,1